epi;step;s;o;a;r
0;972.0;NSst;bin+01+0;pass;21.3
0;986.0;EWst;bin+01+0;prolong;38.8
0;996.0;EWst;bin+00+1;pass;-41.7
0;1010.0;NSlf;bin+01+0;prolong;-53.0
0;1020.0;NSlf;bin+01+1;prolong;-69.0
0;1030.0;NSlf;bin+01+2;pass;-85.0
0;1044.0;EWlf;bin+01+0;pass;-98.0
0;1058.0;NSst;bin+01+0;prolong;73.1
0;1068.0;NSst;bin+01+1;pass;-83.5
0;1082.0;EWst;bin+01+0;prolong;161.3
0;1092.0;EWst;bin+01+1;pass;39.9
0;1106.0;NSlf;bin+01+0;prolong;-21.3
0;1116.0;NSlf;bin+01+1;pass;-62.0
0;1130.0;EWlf;bin+01+0;pass;-88.2
0;1144.0;NSst;bin+01+0;prolong;131.3
0;1154.0;NSst;bin+01+1;prolong;-3.8
0;1164.0;NSst;bin+01+2;prolong;-48.2
0;1174.0;NSst;bin+01+3;pass;-45.0
0;1188.0;EWst;bin+01+0;pass;70.2
0;1202.0;NSlf;bin+01+0;prolong;-18.0
0;1212.0;NSlf;bin+01+1;pass;-21.0
0;1226.0;EWlf;bin+01+0;pass;19.9
0;1240.0;NSst;bin+01+0;pass;-13.0
0;1254.0;EWst;bin+01+0;pass;11.5
0;1268.0;NSlf;bin+01+0;prolong;-41.5
0;1278.0;NSlf;bin+01+1;pass;-29.3
0;1292.0;EWlf;bin+01+0;pass;8.5
0;1306.0;NSst;bin+01+0;prolong;-22.4
0;1316.0;NSst;bin+01+1;pass;-45.4
0;1330.0;EWst;bin+01+0;pass;110.3
0;1344.0;NSlf;bin+01+0;prolong;-18.9
0;1354.0;NSlf;bin+01+1;prolong;-47.9
0;1364.0;NSlf;bin+01+2;pass;-77.0
0;1378.0;EWlf;bin+01+0;pass;-45.4
0;1392.0;NSst;bin+01+0;prolong;65.0
0;1402.0;NSst;bin+01+1;prolong;-30.0
0;1412.0;NSst;bin+01+2;prolong;-52.1
0;1422.0;NSst;bin+00+3;prolong;-69.9
0;1436.0;EWst;bin+00+0;pass;33.1
0;1450.0;NSlf;bin+01+0;prolong;-29.0
0;1460.0;NSlf;bin+01+1;prolong;-56.7
0;1470.0;NSlf;bin+01+2;prolong;-78.3
0;1480.0;NSlf;bin+01+3;prolong;-102.0
0;1494.0;EWlf;bin+01+0;pass;16.2
0;1508.0;NSst;bin+01+0;prolong;-29.8
0;1518.0;NSst;bin+01+1;pass;-97.0
0;1532.0;EWst;bin+01+0;pass;168.9
0;1546.0;NSlf;bin+01+0;prolong;30.9
0;1556.0;NSlf;bin+01+1;pass;-36.0
0;1570.0;EWlf;bin+01+0;pass;-13.4
0;1584.0;NSst;bin+01+0;prolong;19.8
0;1594.0;NSst;bin+01+1;pass;-45.0
0;1608.0;EWst;bin+01+0;prolong;87.7
0;1618.0;EWst;bin+01+1;prolong;-10.8
0;1628.0;EWst;bin+01+2;prolong;13.7
0;1638.0;EWst;bin+01+3;pass;15.4
0;1652.0;NSlf;bin+01+0;pass;-12.0
0;1666.0;EWlf;bin+01+0;pass;-16.4
0;1680.0;NSst;bin+01+0;pass;-7.3
0;1694.0;EWst;bin+01+0;prolong;51.7
0;1704.0;EWst;bin+01+1;prolong;-2.1
0;1714.0;EWst;bin+01+2;prolong;-26.0
0;1724.0;EWst;bin+01+3;prolong;-53.8
0;1738.0;NSlf;bin+01+0;prolong;-54.9
0;1748.0;NSlf;bin+01+1;pass;-59.4
0;1762.0;EWlf;bin+01+0;pass;-17.7
0;1776.0;NSst;bin+01+0;prolong;111.1
0;1786.0;NSst;bin+01+1;prolong;-38.5
0;1796.0;NSst;bin+01+2;prolong;-63.0
0;1806.0;NSst;bin+01+3;prolong;-78.2
0;1820.0;EWst;bin+01+0;pass;234.2
0;1834.0;NSlf;bin+01+0;pass;-10.1
0;1848.0;EWlf;bin+01+0;prolong;-66.0
0;1858.0;EWlf;bin+01+1;prolong;-106.0
0;1868.0;EWlf;bin+01+2;prolong;-139.0
0;1878.0;EWlf;bin+01+3;prolong;-144.0
0;1892.0;NSst;bin+01+0;pass;88.6
0;1906.0;EWst;bin+01+0;prolong;169.2
0;1916.0;EWst;bin+01+1;prolong;25.7
0;1926.0;EWst;bin+01+2;prolong;-78.0
0;1936.0;EWst;bin+01+3;pass;-72.8
0;1950.0;NSlf;bin+01+0;prolong;-16.9
0;1960.0;NSlf;bin+01+1;prolong;-77.0
0;1970.0;NSlf;bin+01+2;prolong;-99.0
0;1980.0;NSlf;bin+01+3;prolong;-125.0
0;1994.0;EWlf;bin+00+0;pass;-125.3
0;2008.0;NSst;bin+01+0;pass;230.5
0;2022.0;EWst;bin+01+0;prolong;-68.5
0;2032.0;EWst;bin+01+1;pass;-101.9
0;2046.0;NSlf;bin+01+0;prolong;-74.4
0;2056.0;NSlf;bin+01+1;pass;-99.0
0;2070.0;EWlf;bin+01+0;prolong;5.7
0;2080.0;EWlf;bin+01+1;prolong;-81.0
0;2090.0;EWlf;bin+01+2;pass;-105.0
0;2104.0;NSst;bin+01+0;pass;218.5
0;2118.0;EWst;bin+01+0;prolong;82.5
0;2128.0;EWst;bin+01+1;pass;-45.0
0;2142.0;NSlf;bin+01+0;prolong;-60.0
0;2152.0;NSlf;bin+01+1;prolong;-20.4
0;2162.0;NSlf;bin+01+2;prolong;-88.0
0;2172.0;NSlf;bin+01+3;prolong;-133.0
0;2186.0;EWlf;bin+01+0;prolong;-104.6
0;2196.0;EWlf;bin+01+1;prolong;-179.7
0;2206.0;EWlf;bin+01+2;pass;-198.0
0;2220.0;NSst;bin+01+0;pass;40.1
0;2234.0;EWst;bin+01+0;pass;280.9
0;2248.0;NSlf;bin+01+0;prolong;-76.2
0;2258.0;NSlf;bin+01+1;pass;-113.2
0;2272.0;EWlf;bin+01+0;pass;-138.0
0;2286.0;NSst;bin+01+0;pass;-20.5
0;2300.0;EWst;bin+01+0;pass;249.8
0;2314.0;NSlf;bin+01+0;prolong;-23.5
0;2324.0;NSlf;bin+01+1;prolong;-115.9
0;2334.0;NSlf;bin+01+2;prolong;-106.7
0;2344.0;NSlf;bin+01+3;prolong;-135.0
0;2358.0;EWlf;bin+01+0;pass;-130.0
0;2372.0;NSst;bin+00+0;pass;92.1
0;2386.0;EWst;bin+01+0;prolong;149.4
0;2396.0;EWst;bin+01+1;pass;11.1
0;2410.0;NSlf;bin+01+0;pass;-49.4
0;2424.0;EWlf;bin+01+0;pass;-104.0
0;2438.0;NSst;bin+01+0;prolong;197.7
0;2448.0;NSst;bin+01+1;prolong;-16.0
0;2458.0;NSst;bin+00+2;pass;-107.1
0;2472.0;EWst;bin+01+0;prolong;94.7
0;2482.0;EWst;bin+00+1;pass;-102.6
0;2496.0;NSlf;bin+01+0;pass;15.3
0;2510.0;EWlf;bin+01+0;prolong;-17.0
0;2520.0;EWlf;bin+01+1;pass;-91.0
0;2534.0;NSst;bin+01+0;pass;73.3
0;2548.0;EWst;bin+00+0;prolong;152.1
0;2558.0;EWst;bin+01+1;prolong;-25.1
0;2568.0;EWst;bin+01+2;prolong;-72.0
0;2578.0;EWst;bin+01+3;pass;-72.0
0;2592.0;NSlf;bin+00+0;pass;-4.5
0;2606.0;EWlf;bin+01+0;pass;-7.4
0;2620.0;NSst;bin+01+0;prolong;93.1
0;2630.0;NSst;bin+01+1;prolong;-0.5
0;2640.0;NSst;bin+01+2;prolong;-61.8
0;2650.0;NSst;bin+01+3;pass;-49.4
0;2664.0;EWst;bin+01+0;pass;132.8
0;2678.0;NSlf;bin+01+0;pass;-12.4
0;2692.0;EWlf;bin+01+0;pass;-62.8
0;2706.0;NSst;bin+01+0;prolong;-51.1
0;2716.0;NSst;bin+01+1;pass;-97.1
0;2730.0;EWst;bin+01+0;pass;165.2
0;2744.0;NSlf;bin+01+0;prolong;-70.9
0;2754.0;NSlf;bin+01+1;pass;-92.3
0;2768.0;EWlf;bin+01+0;prolong;-35.6
0;2778.0;EWlf;bin+01+1;prolong;-117.9
0;2788.0;EWlf;bin+01+2;pass;-161.9
0;2802.0;NSst;bin+01+0;prolong;57.5
0;2812.0;NSst;bin+01+1;prolong;-130.5
0;2822.0;NSst;bin+00+2;prolong;-196.4
0;2832.0;NSst;bin+01+3;prolong;-129.2
0;2846.0;EWst;bin+01+0;pass;211.5
0;2860.0;NSlf;bin+01+0;prolong;-45.0
0;2870.0;NSlf;bin+01+1;pass;-176.0
0;2884.0;EWlf;bin+01+0;pass;-85.9
0;2898.0;NSst;bin+01+0;prolong;-67.5
0;2908.0;NSst;bin+01+1;prolong;-155.3
0;2918.0;NSst;bin+01+2;prolong;-195.8
0;2928.0;NSst;bin+01+3;pass;-181.3
0;2942.0;EWst;bin+01+0;pass;253.4
0;2956.0;NSlf;bin+01+0;prolong;-91.1
0;2966.0;NSlf;bin+01+1;prolong;-182.0
0;2976.0;NSlf;bin+01+2;pass;-219.0
0;2990.0;EWlf;bin+01+0;pass;-149.2
0;3004.0;NSst;bin+01+0;pass;7.3
0;3018.0;EWst;bin+01+0;pass;256.1
0;3032.0;NSlf;bin+01+0;pass;-136.1
0;3046.0;EWlf;bin+01+0;pass;-95.1
0;3060.0;NSst;bin+01+0;prolong;46.1
0;3070.0;NSst;bin+01+1;pass;-49.8
0;3084.0;EWst;bin+01+0;pass;257.6
0;3098.0;NSlf;bin+01+0;pass;-73.0
0;3112.0;EWlf;bin+01+0;pass;-49.4
0;3126.0;NSst;bin+01+0;pass;-48.8
0;3140.0;EWst;bin+01+0;prolong;233.7
0;3150.0;EWst;bin+01+1;prolong;70.6
0;3160.0;EWst;bin+01+2;prolong;-20.0
0;3170.0;EWst;bin+01+3;pass;-54.1
0;3184.0;NSlf;bin+01+0;pass;-0.2
0;3198.0;EWlf;bin+01+0;pass;-56.0
0;3212.0;NSst;bin+00+0;pass;92.0
0;3226.0;EWst;bin+01+0;prolong;14.0
0;3236.0;EWst;bin+01+1;pass;-31.8
0;3250.0;NSlf;bin+01+0;prolong;-21.1
0;3260.0;NSlf;bin+01+1;pass;-62.0
0;3274.0;EWlf;bin+01+0;prolong;-94.0
0;3284.0;EWlf;bin+01+1;prolong;-107.0
0;3294.0;EWlf;bin+01+2;prolong;-117.0
0;3304.0;EWlf;bin+01+3;prolong;-135.0
0;3318.0;NSst;bin+01+0;pass;65.3
0;3332.0;EWst;bin+01+0;prolong;154.9
0;3342.0;EWst;bin+01+1;prolong;-53.8
0;3352.0;EWst;bin+01+2;pass;-28.6
0;3366.0;NSlf;bin+01+0;prolong;-16.6
0;3376.0;NSlf;bin+01+1;prolong;-86.0
0;3386.0;NSlf;bin+01+2;prolong;-128.0
0;3396.0;NSlf;bin+01+3;prolong;-171.0
0;3410.0;EWlf;bin+01+0;pass;35.3
0;3424.0;NSst;bin+01+0;pass;154.3
0;3438.0;EWst;bin+01+0;pass;110.9
0;3452.0;NSlf;bin+01+0;pass;-99.7
0;3466.0;EWlf;bin+01+0;pass;-18.3
0;3480.0;NSst;bin+01+0;prolong;82.0
0;3490.0;NSst;bin+01+1;prolong;-36.5
0;3500.0;NSst;bin+01+2;pass;-91.0
0;3514.0;EWst;bin+01+0;pass;218.8
0;3528.0;NSlf;bin+01+0;prolong;-38.8
0;3538.0;NSlf;bin+01+1;pass;-56.1
0;3552.0;EWlf;bin+01+0;pass;-77.6
0;3566.0;NSst;bin+00+0;prolong;-68.4
0;3576.0;NSst;bin+01+1;pass;-43.9
0;3590.0;EWst;bin+01+0;pass;186.1
0;3604.0;NSlf;bin+01+0;pass;-7.3
0;3618.0;EWlf;bin+01+0;prolong;-48.0
0;3628.0;EWlf;bin+01+1;pass;-78.0
0;3642.0;NSst;bin+01+0;pass;64.6
0;3656.0;EWst;bin+01+0;pass;72.9
0;3670.0;NSlf;bin+01+0;pass;-75.0
0;3684.0;EWlf;bin+01+0;pass;41.4
0;3698.0;NSst;bin+00+0;prolong;34.1
0;3708.0;NSst;bin+01+1;pass;-2.1
0;3722.0;EWst;bin+01+0;pass;134.5
0;3736.0;NSlf;bin+01+0;prolong;-84.0
0;3746.0;NSlf;bin+01+1;pass;-104.0
0;3760.0;EWlf;bin+01+0;prolong;-69.7
0;3770.0;EWlf;bin+01+1;pass;-138.0
0;3784.0;NSst;bin+01+0;prolong;38.0
0;3794.0;NSst;bin+01+1;pass;-64.2
0;3808.0;EWst;bin+01+0;pass;172.3
0;3822.0;NSlf;bin+01+0;prolong;66.3
0;3832.0;NSlf;bin+01+1;pass;-75.9
0;3846.0;EWlf;bin+01+0;pass;-106.6
0;3860.0;NSst;bin+01+0;prolong;1.4
0;3870.0;NSst;bin+01+1;prolong;-88.4
0;3880.0;NSst;bin+01+2;prolong;-69.9
0;3890.0;NSst;bin+01+3;pass;-124.7
0;3904.0;EWst;bin+01+0;pass;181.9
0;3918.0;NSlf;bin+01+0;prolong;-18.5
0;3928.0;NSlf;bin+01+1;prolong;-99.0
0;3938.0;NSlf;bin+01+2;prolong;-116.0
0;3948.0;NSlf;bin+01+3;pass;-145.0
0;3962.0;EWlf;bin+01+0;prolong;10.6
0;3972.0;EWlf;bin+01+1;prolong;-142.0
0;3982.0;EWlf;bin+01+2;pass;-173.0
0;3996.0;NSst;bin+00+0;prolong;120.5
0;4006.0;NSst;bin+01+1;pass;-61.7
0;4020.0;EWst;bin+01+0;pass;204.6
0;4034.0;NSlf;bin+01+0;prolong;65.6
0;4044.0;NSlf;bin+01+1;prolong;-119.0
0;4054.0;NSlf;bin+01+2;prolong;-145.7
0;4064.0;NSlf;bin+01+3;pass;-164.0
0;4078.0;EWlf;bin+01+0;pass;-156.4
0;4092.0;NSst;bin+00+0;prolong;22.1
0;4102.0;NSst;bin+01+1;pass;-96.3
0;4116.0;EWst;bin+01+0;prolong;253.9
0;4126.0;EWst;bin+01+1;prolong;157.4
0;4136.0;EWst;bin+01+2;prolong;-24.1
0;4146.0;EWst;bin+01+3;pass;-80.0
0;4160.0;NSlf;bin+01+0;prolong;-10.5
0;4170.0;NSlf;bin+01+1;pass;-40.1
0;4184.0;EWlf;bin+01+0;pass;-31.8
0;4198.0;NSst;bin+01+0;prolong;-80.3
0;4208.0;NSst;bin+01+1;pass;-69.5
0;4222.0;EWst;bin+01+0;prolong;74.3
0;4232.0;EWst;bin+01+1;pass;-53.5
0;4246.0;NSlf;bin+01+0;pass;68.9
0;4260.0;EWlf;bin+01+0;pass;8.1
0;4274.0;NSst;bin+01+0;pass;110.9
0;4288.0;EWst;bin+00+0;pass;7.6
0;4302.0;NSlf;bin+01+0;prolong;-23.0
0;4312.0;NSlf;bin+01+1;pass;-56.6
0;4326.0;EWlf;bin+01+0;prolong;-23.7
0;4336.0;EWlf;bin+01+1;pass;-87.0
0;4350.0;NSst;bin+01+0;pass;59.7
0;4364.0;EWst;bin+01+0;prolong;39.3
0;4374.0;EWst;bin+01+1;pass;-64.6
0;4388.0;NSlf;bin+01+0;pass;53.1
0;4402.0;EWlf;bin+01+0;prolong;-72.0
0;4412.0;EWlf;bin+01+1;prolong;-82.4
0;4422.0;EWlf;bin+01+2;prolong;-73.6
0;4432.0;EWlf;bin+01+3;pass;-65.3
0;4446.0;NSst;bin+01+0;prolong;112.4
0;4456.0;NSst;bin+00+1;prolong;-89.6
0;4466.0;NSst;bin+01+2;prolong;-27.9
0;4476.0;NSst;bin+01+3;prolong;-127.3
0;4490.0;EWst;bin+01+0;prolong;86.0
0;4500.0;EWst;bin+00+1;prolong;-34.3
0;4510.0;EWst;bin+01+2;pass;-61.5
0;4524.0;NSlf;bin+01+0;prolong;-112.0
0;4534.0;NSlf;bin+01+1;pass;-140.3
0;4548.0;EWlf;bin+01+0;pass;102.1
0;4562.0;NSst;bin+01+0;pass;7.5
0;4576.0;EWst;bin+00+0;pass;149.0
0;4590.0;NSlf;bin+01+0;prolong;-36.0
0;4600.0;NSlf;bin+01+1;pass;-60.0
0;4614.0;EWlf;bin+01+0;prolong;51.7
0;4624.0;EWlf;bin+01+1;pass;-77.4
0;4638.0;NSst;bin+01+0;prolong;134.4
0;4648.0;NSst;bin+01+1;prolong;-36.2
0;4658.0;NSst;bin+01+2;prolong;-73.0
0;4668.0;NSst;bin+01+3;pass;-81.0
0;4682.0;EWst;bin+01+0;pass;0.4
0;4696.0;NSlf;bin+01+0;prolong;-49.1
0;4706.0;NSlf;bin+01+1;prolong;-78.0
0;4716.0;NSlf;bin+01+2;pass;-91.0
0;4730.0;EWlf;bin+01+0;prolong;71.5
0;4740.0;EWlf;bin+01+1;prolong;-37.0
0;4750.0;EWlf;bin+01+2;pass;-93.1
0;4764.0;NSst;bin+01+0;pass;27.7
0;4778.0;EWst;bin+01+0;pass;174.6
0;4792.0;NSlf;bin+01+0;prolong;-33.0
0;4802.0;NSlf;bin+01+1;pass;-56.0
0;4816.0;EWlf;bin+01+0;prolong;-82.5
0;4826.0;EWlf;bin+01+1;prolong;-74.9
0;4836.0;EWlf;bin+01+2;prolong;-109.4
0;4846.0;EWlf;bin+01+3;prolong;-125.0
0;4860.0;NSst;bin+01+0;prolong;107.3
0;4870.0;NSst;bin+01+1;pass;-55.3
0;4884.0;EWst;bin+00+0;pass;151.9
0;4898.0;NSlf;bin+01+0;prolong;34.8
0;4908.0;NSlf;bin+01+1;prolong;-39.0
0;4918.0;NSlf;bin+01+2;pass;-58.0
0;4932.0;EWlf;bin+01+0;prolong;-72.0
0;4942.0;EWlf;bin+01+1;prolong;-94.0
0;4952.0;EWlf;bin+01+2;prolong;-129.1
0;4962.0;EWlf;bin+01+3;prolong;-108.3
0;4976.0;NSst;bin+01+0;pass;114.3
0;4990.0;EWst;bin+01+0;pass;186.3
0;5004.0;NSlf;bin+01+0;pass;-38.0
0;5018.0;EWlf;bin+01+0;pass;-31.5
0;5032.0;NSst;bin+01+0;pass;14.4
0;5046.0;EWst;bin+01+0;pass;57.3
0;5060.0;NSlf;bin+01+0;pass;-62.0
0;5074.0;EWlf;bin+00+0;pass;-50.4
0;5088.0;NSst;bin+01+0;pass;59.8
0;5102.0;EWst;bin+01+0;prolong;80.6
0;5112.0;EWst;bin+01+1;prolong;-44.9
0;5122.0;EWst;bin+01+2;prolong;-38.8
0;5132.0;EWst;bin+01+3;prolong;-51.0
0;5146.0;NSlf;bin+01+0;pass;-7.2
0;5160.0;EWlf;bin+01+0;prolong;12.2
0;5170.0;EWlf;bin+01+1;prolong;-47.0
0;5180.0;EWlf;bin+01+2;prolong;-54.0
0;5190.0;EWlf;bin+01+3;prolong;-92.9
0;5204.0;NSst;bin+01+0;pass;37.6
0;5218.0;EWst;bin+01+0;prolong;17.4
0;5228.0;EWst;bin+01+1;prolong;-72.8
0;5238.0;EWst;bin+01+2;pass;-51.1
0;5252.0;NSlf;bin+01+0;prolong;174.4
0;5262.0;NSlf;bin+01+1;prolong;15.5
0;5272.0;NSlf;bin+01+2;pass;-45.0
0;5286.0;EWlf;bin+01+0;pass;-22.9
0;5300.0;NSst;bin+01+0;prolong;4.7
0;5310.0;NSst;bin+01+1;pass;-41.0
0;5324.0;EWst;bin+01+0;pass;113.6
0;5338.0;NSlf;bin+01+0;pass;-68.0
0;5352.0;EWlf;bin+01+0;pass;21.4
0;5366.0;NSst;bin+01+0;pass;1.9
0;5380.0;EWst;bin+01+0;prolong;122.4
0;5390.0;EWst;bin+00+1;prolong;-15.1
0;5400.0;EWst;bin+01+2;pass;-22.4
0;5414.0;NSlf;bin+01+0;pass;-14.0
0;5428.0;EWlf;bin+01+0;pass;-19.9
0;5442.0;NSst;bin+01+0;prolong;107.4
0;5452.0;NSst;bin+00+1;pass;-16.6
0;5466.0;EWst;bin+01+0;prolong;14.2
0;5476.0;EWst;bin+01+1;pass;-38.0
0;5490.0;NSlf;bin+01+0;prolong;-45.9
0;5500.0;NSlf;bin+01+1;prolong;-60.3
0;5510.0;NSlf;bin+01+2;pass;-56.8
0;5524.0;EWlf;bin+01+0;prolong;-90.1
0;5534.0;EWlf;bin+01+1;pass;-81.7
0;5548.0;NSst;bin+01+0;prolong;200.2
0;5558.0;NSst;bin+01+1;pass;-8.9
0;5572.0;EWst;bin+01+0;pass;169.7
0;5586.0;NSlf;bin+01+0;prolong;-17.0
0;5596.0;NSlf;bin+01+1;prolong;-52.0
0;5606.0;NSlf;bin+01+2;pass;-72.0
0;5620.0;EWlf;bin+01+0;prolong;-107.0
0;5630.0;EWlf;bin+01+1;pass;-119.0
0;5644.0;NSst;bin+01+0;prolong;80.6
0;5654.0;NSst;bin+01+1;prolong;52.9
0;5664.0;NSst;bin+01+2;pass;-5.5
0;5678.0;EWst;bin+01+0;prolong;144.8
0;5688.0;EWst;bin+01+1;pass;14.6
0;5702.0;NSlf;bin+01+0;pass;-17.3
0;5716.0;EWlf;bin+01+0;prolong;29.2
0;5726.0;EWlf;bin+01+1;pass;-68.4
0;5740.0;NSst;bin+01+0;pass;23.8
0;5754.0;EWst;bin+01+0;prolong;-36.8
0;5764.0;EWst;bin+01+1;pass;-67.3
0;5778.0;NSlf;bin+01+0;pass;3.4
0;5792.0;EWlf;bin+01+0;prolong;-7.5
0;5802.0;EWlf;bin+01+1;pass;-63.2
0;5816.0;NSst;bin+01+0;pass;135.2
0;5830.0;EWst;bin+01+0;prolong;30.0
0;5840.0;EWst;bin+01+1;pass;-71.7
0;5854.0;NSlf;bin+01+0;pass;-22.8
0;5868.0;EWlf;bin+01+0;prolong;-45.8
0;5878.0;EWlf;bin+01+1;prolong;-87.0
0;5888.0;EWlf;bin+01+2;prolong;-124.0
0;5898.0;EWlf;bin+01+3;pass;-135.6
0;5912.0;NSst;bin+01+0;prolong;159.6
0;5922.0;NSst;bin+01+1;pass;-38.5
0;5936.0;EWst;bin+01+0;prolong;56.9
0;5946.0;EWst;bin+01+1;pass;-54.0
0;5960.0;NSlf;bin+01+0;pass;45.6
0;5974.0;EWlf;bin+01+0;prolong;-45.7
0;5984.0;EWlf;bin+01+1;pass;-29.7
0;5998.0;NSst;bin+01+0;prolong;-28.4
0;6008.0;NSst;bin+01+1;pass;-67.4
0;6022.0;EWst;bin+01+0;prolong;77.8
0;6032.0;EWst;bin+01+1;prolong;-67.6
0;6042.0;EWst;bin+01+2;pass;-54.2
0;6056.0;NSlf;bin+01+0;prolong;-22.2
0;6066.0;NSlf;bin+01+1;pass;-94.1
0;6080.0;EWlf;bin+01+0;prolong;9.7
0;6090.0;EWlf;bin+01+1;prolong;-124.0
0;6100.0;EWlf;bin+01+2;prolong;-145.0
0;6110.0;EWlf;bin+01+3;prolong;-159.0
0;6124.0;NSst;bin+01+0;pass;116.2
0;6138.0;EWst;bin+01+0;prolong;148.0
0;6148.0;EWst;bin+01+1;prolong;62.9
0;6158.0;EWst;bin+01+2;prolong;-63.3
0;6168.0;EWst;bin+01+3;prolong;-55.7
0;6182.0;NSlf;bin+01+0;pass;-6.3
0;6196.0;EWlf;bin+01+0;pass;-11.3
0;6210.0;NSst;bin+01+0;prolong;14.6
0;6220.0;NSst;bin+01+1;pass;-54.0
0;6234.0;EWst;bin+01+0;prolong;63.5
0;6244.0;EWst;bin+01+1;prolong;-48.1
0;6254.0;EWst;bin+01+2;pass;-72.0
0;6268.0;NSlf;bin+01+0;pass;9.3
0;6282.0;EWlf;bin+01+0;prolong;-45.2
0;6292.0;EWlf;bin+01+1;prolong;-37.4
0;6302.0;EWlf;bin+01+2;pass;-76.0
0;6316.0;NSst;bin+01+0;prolong;49.5
0;6326.0;NSst;bin+01+1;prolong;-96.6
0;6336.0;NSst;bin+01+2;prolong;-130.0
0;6346.0;NSst;bin+01+3;pass;-122.7
0;6360.0;EWst;bin+01+0;pass;134.2
0;6374.0;NSlf;bin+01+0;pass;52.5
0;6388.0;EWlf;bin+01+0;pass;25.8
0;6402.0;NSst;bin+01+0;prolong;-21.0
0;6412.0;NSst;bin+01+1;prolong;-67.3
0;6422.0;NSst;bin+00+2;pass;-86.9
0;6436.0;EWst;bin+01+0;prolong;87.7
0;6446.0;EWst;bin+01+1;prolong;-50.4
0;6456.0;EWst;bin+01+2;pass;-99.0
0;6470.0;NSlf;bin+01+0;prolong;-47.4
0;6480.0;NSlf;bin+01+1;prolong;-90.0
0;6490.0;NSlf;bin+01+2;pass;-152.8
0;6504.0;EWlf;bin+01+0;pass;35.3
0;6518.0;NSst;bin+01+0;pass;89.9
0;6532.0;EWst;bin+00+0;pass;22.1
0;6546.0;NSlf;bin+01+0;pass;1.2
0;6560.0;EWlf;bin+01+0;prolong;-63.0
0;6570.0;EWlf;bin+01+1;pass;-63.0
0;6584.0;NSst;bin+01+0;pass;152.6
0;6598.0;EWst;bin+01+0;prolong;6.3
0;6608.0;EWst;bin+01+1;pass;-20.2
0;6622.0;NSlf;bin+01+0;prolong;-24.7
0;6632.0;NSlf;bin+01+1;pass;-62.1
0;6646.0;EWlf;bin+01+0;pass;-25.3
0;6660.0;NSst;bin+01+0;prolong;59.9
0;6670.0;NSst;bin+01+1;prolong;-52.9
0;6680.0;NSst;bin+01+2;pass;-30.4
0;6694.0;EWst;bin+01+0;prolong;68.7
0;6704.0;EWst;bin+01+1;pass;-29.5
0;6718.0;NSlf;bin+01+0;pass;-7.3
0;6732.0;EWlf;bin+01+0;prolong;-53.0
0;6742.0;EWlf;bin+01+1;prolong;-44.9
0;6752.0;EWlf;bin+01+2;pass;-74.1
0;6766.0;NSst;bin+01+0;prolong;109.5
0;6776.0;NSst;bin+01+1;pass;-42.8
0;6790.0;EWst;bin+00+0;pass;32.2
0;6804.0;NSlf;bin+01+0;prolong;5.4
0;6814.0;NSlf;bin+01+1;prolong;-86.0
0;6824.0;NSlf;bin+01+2;pass;-122.0
0;6838.0;EWlf;bin+01+0;prolong;-4.8
0;6848.0;EWlf;bin+01+1;prolong;-114.8
0;6858.0;EWlf;bin+01+2;pass;-109.3
0;6872.0;NSst;bin+01+0;pass;46.0
0;6886.0;EWst;bin+01+0;prolong;161.7
0;6896.0;EWst;bin+01+1;prolong;73.9
0;6906.0;EWst;bin+01+2;prolong;-41.0
0;6916.0;EWst;bin+01+3;prolong;1.4
0;6930.0;NSlf;bin+01+0;prolong;-6.4
0;6940.0;NSlf;bin+01+1;pass;-51.9
0;6954.0;EWlf;bin+01+0;prolong;27.8
0;6964.0;EWlf;bin+01+1;pass;-50.0
0;6978.0;NSst;bin+01+0;prolong;59.2
0;6988.0;NSst;bin+01+1;prolong;-28.0
0;6998.0;NSst;bin+01+2;pass;-42.0
0;7012.0;EWst;bin+01+0;pass;69.8
0;7026.0;NSlf;bin+01+0;prolong;13.7
0;7036.0;NSlf;bin+01+1;pass;-13.0
0;7050.0;EWlf;bin+01+0;pass;-40.0
0;7064.0;NSst;bin+01+0;pass;-18.4
0;7078.0;EWst;bin+01+0;pass;57.7
0;7092.0;NSlf;bin+01+0;prolong;6.6
0;7102.0;NSlf;bin+01+1;prolong;-24.0
0;7112.0;NSlf;bin+01+2;pass;-34.0
0;7126.0;EWlf;bin+01+0;prolong;-45.0
0;7136.0;EWlf;bin+01+1;pass;-41.2
0;7150.0;NSst;bin+01+0;pass;-17.3
0;7164.0;EWst;bin+01+0;pass;76.3
0;7178.0;NSlf;bin+01+0;prolong;-15.0
0;7188.0;NSlf;bin+01+1;pass;-26.0
1;972.0;NSst;bin+01+0;prolong;21.3
1;982.0;NSst;bin+01+1;prolong;-54.0
1;992.0;NSst;bin+01+2;pass;-64.5
1;1006.0;EWst;bin+01+0;pass;132.9
1;1020.0;NSlf;bin+01+0;prolong;-52.0
1;1030.0;NSlf;bin+01+1;prolong;-66.0
1;1040.0;NSlf;bin+01+2;prolong;-85.0
1;1050.0;NSlf;bin+01+3;prolong;-122.0
1;1064.0;EWlf;bin+01+0;prolong;-117.0
1;1074.0;EWlf;bin+01+1;pass;-130.0
1;1088.0;NSst;bin+01+0;prolong;121.6
1;1098.0;NSst;bin+01+1;pass;-68.0
1;1112.0;EWst;bin+01+0;pass;112.0
1;1126.0;NSlf;bin+01+0;pass;-39.4
1;1140.0;EWlf;bin+01+0;prolong;-80.0
1;1150.0;EWlf;bin+01+1;prolong;-88.2
1;1160.0;EWlf;bin+01+2;pass;-81.0
1;1174.0;NSst;bin+01+0;prolong;64.7
1;1184.0;NSst;bin+01+1;pass;-58.0
1;1198.0;EWst;bin+01+0;pass;143.7
1;1212.0;NSlf;bin+01+0;pass;-23.0
1;1226.0;EWlf;bin+01+0;pass;-10.5
1;1240.0;NSst;bin+01+0;prolong;-23.0
1;1250.0;NSst;bin+01+1;pass;-26.7
1;1264.0;EWst;bin+01+0;pass;92.5
1;1278.0;NSlf;bin+01+0;prolong;-7.1
1;1288.0;NSlf;bin+01+1;prolong;-55.0
1;1298.0;NSlf;bin+01+2;prolong;-36.2
1;1308.0;NSlf;bin+01+3;pass;-72.0
1;1322.0;EWlf;bin+01+0;pass;-12.7
1;1336.0;NSst;bin+01+0;prolong;-9.2
1;1346.0;NSst;bin+01+1;prolong;-93.0
1;1356.0;NSst;bin+01+2;pass;-95.0
1;1370.0;EWst;bin+01+0;pass;114.9
1;1384.0;NSlf;bin+01+0;prolong;-11.2
1;1394.0;NSlf;bin+01+1;pass;-72.0
1;1408.0;EWlf;bin+01+0;prolong;-8.8
1;1418.0;EWlf;bin+01+1;prolong;-60.0
1;1428.0;EWlf;bin+01+2;pass;-96.0
1;1442.0;NSst;bin+01+0;pass;163.1
1;1456.0;EWst;bin+01+0;pass;74.3
1;1470.0;NSlf;bin+01+0;pass;-32.6
1;1484.0;EWlf;bin+01+0;prolong;18.2
1;1494.0;EWlf;bin+01+1;prolong;-27.0
1;1504.0;EWlf;bin+01+2;prolong;-59.0
1;1514.0;EWlf;bin+01+3;prolong;-99.6
1;1528.0;NSst;bin+01+0;prolong;-93.0
1;1538.0;NSst;bin+01+1;pass;-122.7
1;1552.0;EWst;bin+01+0;prolong;81.8
1;1562.0;EWst;bin+00+1;pass;-92.0
1;1576.0;NSlf;bin+01+0;pass;-1.0
1;1590.0;EWlf;bin+01+0;pass;-46.3
1;1604.0;NSst;bin+01+0;prolong;20.5
1;1614.0;NSst;bin+01+1;prolong;-43.0
1;1624.0;NSst;bin+01+2;prolong;-55.0
1;1634.0;NSst;bin+01+3;pass;-65.0
1;1648.0;EWst;bin+01+0;pass;177.6
1;1662.0;NSlf;bin+01+0;prolong;-37.0
1;1672.0;NSlf;bin+01+1;prolong;-77.3
1;1682.0;NSlf;bin+01+2;pass;-46.5
1;1696.0;EWlf;bin+01+0;pass;-47.4
1;1710.0;NSst;bin+00+0;pass;-27.5
1;1724.0;EWst;bin+01+0;prolong;85.2
1;1734.0;EWst;bin+01+1;pass;-36.0
1;1748.0;NSlf;bin+01+0;prolong;-40.1
1;1758.0;NSlf;bin+01+1;prolong;-64.0
1;1768.0;NSlf;bin+01+2;prolong;-97.0
1;1778.0;NSlf;bin+01+3;prolong;-131.0
1;1792.0;EWlf;bin+01+0;prolong;-83.8
1;1802.0;EWlf;bin+01+1;pass;-137.0
1;1816.0;NSst;bin+01+0;prolong;139.2
1;1826.0;NSst;bin+01+1;pass;-52.3
1;1840.0;EWst;bin+00+0;prolong;234.5
1;1850.0;EWst;bin+01+1;prolong;1.0
1;1860.0;EWst;bin+01+2;prolong;-63.0
1;1870.0;EWst;bin+01+3;prolong;-80.0
1;1884.0;NSlf;bin+01+0;pass;-39.1
1;1898.0;EWlf;bin+01+0;prolong;-90.0
1;1908.0;EWlf;bin+01+1;pass;-142.2
1;1922.0;NSst;bin+01+0;pass;156.9
1;1936.0;EWst;bin+01+0;prolong;110.0
1;1946.0;EWst;bin+01+1;pass;-54.0
1;1960.0;NSlf;bin+01+0;prolong;-26.4
1;1970.0;NSlf;bin+01+1;prolong;-74.0
1;1980.0;NSlf;bin+01+2;pass;-93.0
1;1994.0;EWlf;bin+01+0;pass;-96.2
1;2008.0;NSst;bin+01+0;pass;160.6
1;2022.0;EWst;bin+01+0;prolong;-36.0
1;2032.0;EWst;bin+01+1;pass;-71.8
1;2046.0;NSlf;bin+01+0;pass;-43.4
1;2060.0;EWlf;bin+01+0;pass;37.6
1;2074.0;NSst;bin+01+0;pass;81.6
1;2088.0;EWst;bin+01+0;pass;32.0
1;2102.0;NSlf;bin+01+0;prolong;-34.0
1;2112.0;NSlf;bin+01+1;prolong;-57.1
1;2122.0;NSlf;bin+01+2;pass;-35.3
1;2136.0;EWlf;bin+01+0;prolong;-68.0
1;2146.0;EWlf;bin+01+1;prolong;-93.2
1;2156.0;EWlf;bin+01+2;prolong;-98.6
1;2166.0;EWlf;bin+01+3;pass;-168.0
1;2180.0;NSst;bin+01+0;pass;8.8
1;2194.0;EWst;bin+01+0;prolong;227.2
1;2204.0;EWst;bin+00+1;prolong;25.6
1;2214.0;EWst;bin+01+2;pass;-29.6
1;2228.0;NSlf;bin+01+0;prolong;9.4
1;2238.0;NSlf;bin+01+1;pass;-98.8
1;2252.0;EWlf;bin+01+0;prolong;-16.1
1;2262.0;EWlf;bin+01+1;prolong;-93.0
1;2272.0;EWlf;bin+01+2;prolong;-105.0
1;2282.0;EWlf;bin+01+3;prolong;-133.9
1;2296.0;NSst;bin+01+0;prolong;82.2
1;2306.0;NSst;bin+00+1;prolong;-94.0
1;2316.0;NSst;bin+01+2;prolong;-62.7
1;2326.0;NSst;bin+01+3;pass;-106.7
1;2340.0;EWst;bin+01+0;pass;127.9
1;2354.0;NSlf;bin+01+0;prolong;112.9
1;2364.0;NSlf;bin+01+1;pass;-44.8
1;2378.0;EWlf;bin+01+0;pass;-61.0
1;2392.0;NSst;bin+01+0;prolong;88.1
1;2402.0;NSst;bin+00+1;prolong;-58.2
1;2412.0;NSst;bin+01+2;prolong;-16.4
1;2422.0;NSst;bin+01+3;prolong;-89.0
1;2436.0;EWst;bin+01+0;prolong;104.0
1;2446.0;EWst;bin+01+1;prolong;-16.4
1;2456.0;EWst;bin+01+2;pass;-96.0
1;2470.0;NSlf;bin+01+0;prolong;26.7
1;2480.0;NSlf;bin+01+1;prolong;-94.7
1;2490.0;NSlf;bin+01+2;pass;-125.0
1;2504.0;EWlf;bin+01+0;prolong;2.6
1;2514.0;EWlf;bin+01+1;pass;-132.0
1;2528.0;NSst;bin+01+0;prolong;148.6
1;2538.0;NSst;bin+01+1;prolong;-30.6
1;2548.0;NSst;bin+01+2;pass;-119.2
1;2562.0;EWst;bin+01+0;pass;211.3
1;2576.0;NSlf;bin+01+0;prolong;-65.4
1;2586.0;NSlf;bin+01+1;prolong;-97.8
1;2596.0;NSlf;bin+00+2;pass;-128.7
1;2610.0;EWlf;bin+01+0;pass;-84.9
1;2624.0;NSst;bin+01+0;prolong;2.2
1;2634.0;NSst;bin+01+1;prolong;-55.1
1;2644.0;NSst;bin+01+2;prolong;-134.8
1;2654.0;NSst;bin+00+3;prolong;-139.6
1;2668.0;EWst;bin+01+0;pass;255.5
1;2682.0;NSlf;bin+01+0;prolong;-60.4
1;2692.0;NSlf;bin+01+1;prolong;-107.6
1;2702.0;NSlf;bin+01+2;prolong;-118.0
1;2712.0;NSlf;bin+01+3;pass;-174.0
1;2726.0;EWlf;bin+01+0;prolong;-174.9
1;2736.0;EWlf;bin+01+1;prolong;-223.2
1;2746.0;EWlf;bin+01+2;prolong;-257.0
1;2756.0;EWlf;bin+01+3;pass;-290.1
1;2770.0;NSst;bin+01+0;prolong;4.9
1;2780.0;NSst;bin+01+1;pass;-212.2
1;2794.0;EWst;bin+01+0;pass;187.0
1;2808.0;NSlf;bin+01+0;pass;-2.9
1;2822.0;EWlf;bin+01+0;pass;-49.6
1;2836.0;NSst;bin+01+0;pass;-86.7
1;2850.0;EWst;bin+01+0;pass;220.5
1;2864.0;NSlf;bin+01+0;pass;-84.3
1;2878.0;EWlf;bin+01+0;pass;-175.3
1;2892.0;NSst;bin+01+0;pass;-171.4
1;2906.0;EWst;bin+01+0;pass;258.5
1;2920.0;NSlf;bin+01+0;prolong;-72.4
1;2930.0;NSlf;bin+01+1;pass;-177.0
1;2944.0;EWlf;bin+01+0;pass;-207.3
1;2958.0;NSst;bin+01+0;prolong;-64.8
1;2968.0;NSst;bin+01+1;pass;-166.2
1;2982.0;EWst;bin+01+0;prolong;243.2
1;2992.0;EWst;bin+01+1;pass;166.8
1;3006.0;NSlf;bin+01+0;prolong;-100.7
1;3016.0;NSlf;bin+01+1;pass;-144.0
1;3030.0;EWlf;bin+01+0;prolong;-34.2
1;3040.0;EWlf;bin+01+1;pass;-140.0
1;3054.0;NSst;bin+01+0;pass;66.7
1;3068.0;EWst;bin+01+0;prolong;225.8
1;3078.0;EWst;bin+01+1;pass;-24.6
1;3092.0;NSlf;bin+01+0;pass;-46.0
1;3106.0;EWlf;bin+01+0;prolong;-28.4
1;3116.0;EWlf;bin+01+1;pass;-54.0
1;3130.0;NSst;bin+01+0;pass;58.1
1;3144.0;EWst;bin+01+0;prolong;150.3
1;3154.0;EWst;bin+01+1;pass;-26.5
1;3168.0;NSlf;bin+01+0;pass;13.7
1;3182.0;EWlf;bin+01+0;pass;-33.0
1;3196.0;NSst;bin+01+0;pass;31.7
1;3210.0;EWst;bin+01+0;pass;102.4
1;3224.0;NSlf;bin+01+0;prolong;-62.0
1;3234.0;NSlf;bin+01+1;pass;-77.0
1;3248.0;EWlf;bin+01+0;pass;-83.0
1;3262.0;NSst;bin+01+0;pass;38.7
1;3276.0;EWst;bin+01+0;prolong;129.1
1;3286.0;EWst;bin+01+1;pass;-34.6
1;3300.0;NSlf;bin+01+0;pass;2.5
1;3314.0;EWlf;bin+01+0;pass;-18.0
1;3328.0;NSst;bin+01+0;prolong;10.4
1;3338.0;NSst;bin+01+1;prolong;-29.0
1;3348.0;NSst;bin+00+2;prolong;-55.7
1;3358.0;NSst;bin+01+3;pass;-26.7
1;3372.0;EWst;bin+01+0;pass;-51.0
1;3386.0;NSlf;bin+01+0;pass;-57.6
1;3400.0;EWlf;bin+01+0;pass;125.8
1;3414.0;NSst;bin+01+0;pass;-7.2
1;3428.0;EWst;bin+00+0;pass;139.6
1;3442.0;NSlf;bin+01+0;prolong;-56.0
1;3452.0;NSlf;bin+01+1;pass;-86.1
1;3466.0;EWlf;bin+01+0;pass;-37.6
1;3480.0;NSst;bin+01+0;prolong;13.9
1;3490.0;NSst;bin+01+1;prolong;-39.0
1;3500.0;NSst;bin+01+2;prolong;-104.0
1;3510.0;NSst;bin+01+3;prolong;-129.0
1;3524.0;EWst;bin+01+0;pass;240.7
1;3538.0;NSlf;bin+01+0;prolong;-36.2
1;3548.0;NSlf;bin+01+1;prolong;-45.0
1;3558.0;NSlf;bin+01+2;pass;-94.0
1;3572.0;EWlf;bin+01+0;pass;-67.4
1;3586.0;NSst;bin+01+0;prolong;-21.9
1;3596.0;NSst;bin+01+1;pass;-117.7
1;3610.0;EWst;bin+01+0;prolong;236.7
1;3620.0;EWst;bin+01+1;pass;69.0
1;3634.0;NSlf;bin+01+0;prolong;-51.1
1;3644.0;NSlf;bin+01+1;pass;-66.0
1;3658.0;EWlf;bin+01+0;prolong;-71.4
1;3668.0;EWlf;bin+01+1;prolong;-79.8
1;3678.0;EWlf;bin+01+2;pass;-115.8
1;3692.0;NSst;bin+00+0;prolong;127.9
1;3702.0;NSst;bin+01+1;pass;-37.6
1;3716.0;EWst;bin+01+0;pass;178.6
1;3730.0;NSlf;bin+01+0;pass;-97.0
1;3744.0;EWlf;bin+01+0;prolong;-45.6
1;3754.0;EWlf;bin+01+1;pass;-116.0
1;3768.0;NSst;bin+00+0;pass;27.1
1;3782.0;EWst;bin+01+0;prolong;125.2
1;3792.0;EWst;bin+01+1;prolong;-0.4
1;3802.0;EWst;bin+01+2;prolong;-73.7
1;3812.0;EWst;bin+01+3;pass;-97.7
1;3826.0;NSlf;bin+01+0;prolong;86.6
1;3836.0;NSlf;bin+01+1;prolong;-100.3
1;3846.0;NSlf;bin+01+2;prolong;-115.5
1;3856.0;NSlf;bin+01+3;pass;-135.0
1;3870.0;EWlf;bin+01+0;prolong;-89.1
1;3880.0;EWlf;bin+01+1;prolong;-139.9
1;3890.0;EWlf;bin+01+2;pass;-171.0
1;3904.0;NSst;bin+01+0;pass;213.9
1;3918.0;EWst;bin+01+0;prolong;109.7
1;3928.0;EWst;bin+01+1;prolong;-90.2
1;3938.0;EWst;bin+01+2;prolong;-119.0
1;3948.0;EWst;bin+01+3;prolong;-167.9
1;3962.0;NSlf;bin+01+0;prolong;-146.4
1;3972.0;NSlf;bin+01+1;prolong;-175.9
1;3982.0;NSlf;bin+01+2;pass;-192.1
1;3996.0;EWlf;bin+01+0;pass;-129.5
1;4010.0;NSst;bin+01+0;prolong;229.6
1;4020.0;NSst;bin+01+1;pass;92.8
1;4034.0;EWst;bin+01+0;pass;133.9
1;4048.0;NSlf;bin+01+0;prolong;-22.7
1;4058.0;NSlf;bin+01+1;prolong;-111.1
1;4068.0;NSlf;bin+01+2;pass;-146.0
1;4082.0;EWlf;bin+01+0;prolong;-166.0
1;4092.0;EWlf;bin+01+1;prolong;-171.0
1;4102.0;EWlf;bin+01+2;pass;-194.6
1;4116.0;NSst;bin+01+0;pass;151.2
1;4130.0;EWst;bin+01+0;prolong;187.3
1;4140.0;EWst;bin+01+1;pass;-24.5
1;4154.0;NSlf;bin+01+0;prolong;-29.5
1;4164.0;NSlf;bin+01+1;pass;-81.8
1;4178.0;EWlf;bin+01+0;prolong;-90.0
1;4188.0;EWlf;bin+01+1;prolong;-90.7
1;4198.0;EWlf;bin+01+2;prolong;-123.0
1;4208.0;EWlf;bin+01+3;prolong;-148.0
1;4222.0;NSst;bin+01+0;prolong;36.8
1;4232.0;NSst;bin+01+1;pass;-32.5
1;4246.0;EWst;bin+01+0;pass;101.7
1;4260.0;NSlf;bin+01+0;pass;52.5
1;4274.0;EWlf;bin+01+0;pass;-71.7
1;4288.0;NSst;bin+01+0;prolong;16.6
1;4298.0;NSst;bin+01+1;pass;-47.4
1;4312.0;EWst;bin+01+0;pass;87.0
1;4326.0;NSlf;bin+01+0;prolong;-34.7
1;4336.0;NSlf;bin+01+1;pass;-54.8
1;4350.0;EWlf;bin+01+0;prolong;-57.3
1;4360.0;EWlf;bin+01+1;pass;-127.6
1;4374.0;NSst;bin+01+0;pass;97.0
1;4388.0;EWst;bin+01+0;pass;101.0
1;4402.0;NSlf;bin+01+0;prolong;-40.4
1;4412.0;NSlf;bin+01+1;prolong;-63.0
1;4422.0;NSlf;bin+01+2;pass;-67.1
1;4436.0;EWlf;bin+00+0;pass;-31.4
1;4450.0;NSst;bin+00+0;pass;53.3
1;4464.0;EWst;bin+00+0;prolong;42.4
1;4474.0;EWst;bin+00+1;pass;-35.6
1;4488.0;NSlf;bin+01+0;prolong;-93.0
1;4498.0;NSlf;bin+01+1;prolong;-112.0
1;4508.0;NSlf;bin+01+2;prolong;-139.0
1;4518.0;NSlf;bin+01+3;prolong;-182.0
1;4532.0;EWlf;bin+01+0;prolong;43.6
1;4542.0;EWlf;bin+01+1;prolong;-138.0
1;4552.0;EWlf;bin+01+2;pass;-180.0
1;4566.0;NSst;bin+01+0;prolong;53.9
1;4576.0;NSst;bin+01+1;pass;-134.2
1;4590.0;EWst;bin+01+0;pass;279.5
1;4604.0;NSlf;bin+01+0;prolong;-107.4
1;4614.0;NSlf;bin+01+1;prolong;-108.5
1;4624.0;NSlf;bin+01+2;prolong;-163.0
1;4634.0;NSlf;bin+01+3;prolong;-184.0
1;4648.0;EWlf;bin+01+0;pass;-50.6
1;4662.0;NSst;bin+01+0;prolong;63.2
1;4672.0;NSst;bin+01+1;pass;-116.8
1;4686.0;EWst;bin+01+0;pass;160.2
1;4700.0;NSlf;bin+01+0;pass;-57.4
1;4714.0;EWlf;bin+01+0;prolong;63.9
1;4724.0;EWlf;bin+01+1;prolong;-32.0
1;4734.0;EWlf;bin+01+2;pass;-95.0
1;4748.0;NSst;bin+01+0;pass;-35.5
1;4762.0;EWst;bin+01+0;prolong;129.4
1;4772.0;EWst;bin+01+1;pass;45.1
1;4786.0;NSlf;bin+01+0;prolong;-25.0
1;4796.0;NSlf;bin+01+1;prolong;-42.0
1;4806.0;NSlf;bin+01+2;pass;-61.0
1;4820.0;EWlf;bin+01+0;pass;-32.6
1;4834.0;NSst;bin+01+0;pass;80.4
1;4848.0;EWst;bin+01+0;prolong;79.2
1;4858.0;EWst;bin+01+1;pass;-5.9
1;4872.0;NSlf;bin+01+0;pass;-6.0
1;4886.0;EWlf;bin+01+0;prolong;-27.0
1;4896.0;EWlf;bin+01+1;prolong;-47.0
1;4906.0;EWlf;bin+01+2;prolong;-72.0
1;4916.0;EWlf;bin+01+3;prolong;-104.6
1;4930.0;NSst;bin+00+0;pass;49.3
1;4944.0;EWst;bin+01+0;prolong;21.9
1;4954.0;EWst;bin+01+1;prolong;-84.3
1;4964.0;EWst;bin+01+2;prolong;-26.7
1;4974.0;EWst;bin+01+3;pass;-90.1
1;4988.0;NSlf;bin+01+0;pass;-24.7
1;5002.0;EWlf;bin+01+0;pass;-61.4
1;5016.0;NSst;bin+01+0;pass;106.2
1;5030.0;EWst;bin+01+0;pass;55.9
1;5044.0;NSlf;bin+01+0;prolong;-33.2
1;5054.0;NSlf;bin+01+1;prolong;-74.0
1;5064.0;NSlf;bin+01+2;pass;-121.0
1;5078.0;EWlf;bin+01+0;prolong;-77.2
1;5088.0;EWlf;bin+01+1;pass;-119.5
1;5102.0;NSst;bin+01+0;pass;124.9
1;5116.0;EWst;bin+01+0;prolong;160.8
1;5126.0;EWst;bin+01+1;prolong;5.6
1;5136.0;EWst;bin+01+2;prolong;-32.1
1;5146.0;EWst;bin+01+3;prolong;-81.0
1;5160.0;NSlf;bin+01+0;pass;-8.9
1;5174.0;EWlf;bin+01+0;prolong;-60.0
1;5184.0;EWlf;bin+01+1;pass;-70.0
1;5198.0;NSst;bin+01+0;prolong;58.2
1;5208.0;NSst;bin+01+1;pass;-47.7
1;5222.0;EWst;bin+01+0;pass;28.5
1;5236.0;NSlf;bin+01+0;prolong;132.1
1;5246.0;NSlf;bin+01+1;pass;-19.8
1;5260.0;EWlf;bin+01+0;prolong;-62.0
1;5270.0;EWlf;bin+01+1;pass;-63.0
1;5284.0;NSst;bin+01+0;pass;-43.4
1;5298.0;EWst;bin+01+0;prolong;50.7
1;5308.0;EWst;bin+01+1;pass;-3.1
1;5322.0;NSlf;bin+01+0;prolong;-62.0
1;5332.0;NSlf;bin+01+1;pass;-87.0
1;5346.0;EWlf;bin+01+0;pass;8.6
1;5360.0;NSst;bin+01+0;prolong;-5.9
1;5370.0;NSst;bin+01+1;prolong;-77.0
1;5380.0;NSst;bin+01+2;prolong;-102.3
1;5390.0;NSst;bin+01+3;prolong;-138.5
1;5404.0;EWst;bin+01+0;prolong;217.8
1;5414.0;EWst;bin+01+1;prolong;66.5
1;5424.0;EWst;bin+01+2;pass;-72.2
1;5438.0;NSlf;bin+01+0;prolong;-9.1
1;5448.0;NSlf;bin+01+1;pass;-54.0
1;5462.0;EWlf;bin+01+0;prolong;11.1
1;5472.0;EWlf;bin+01+1;prolong;-89.9
1;5482.0;EWlf;bin+01+2;pass;-80.0
1;5496.0;NSst;bin+01+0;prolong;202.9
1;5506.0;NSst;bin+01+1;prolong;-36.9
1;5516.0;NSst;bin+01+2;pass;-51.3
1;5530.0;EWst;bin+01+0;pass;73.9
1;5544.0;NSlf;bin+01+0;prolong;-27.6
1;5554.0;NSlf;bin+01+1;pass;-56.3
1;5568.0;EWlf;bin+01+0;pass;-81.0
1;5582.0;NSst;bin+01+0;pass;26.0
1;5596.0;EWst;bin+01+0;pass;25.2
1;5610.0;NSlf;bin+01+0;pass;-43.9
1;5624.0;EWlf;bin+01+0;pass;-94.0
1;5638.0;NSst;bin+01+0;pass;127.2
1;5652.0;EWst;bin+01+0;pass;63.5
1;5666.0;NSlf;bin+01+0;prolong;-92.0
1;5676.0;NSlf;bin+01+1;pass;-104.0
1;5690.0;EWlf;bin+00+0;pass;-76.2
1;5704.0;NSst;bin+01+0;prolong;104.1
1;5714.0;NSst;bin+01+1;prolong;91.1
1;5724.0;NSst;bin+01+2;prolong;-65.2
1;5734.0;NSst;bin+01+3;pass;-88.7
1;5748.0;EWst;bin+01+0;prolong;-38.8
1;5758.0;EWst;bin+01+1;pass;-94.0
1;5772.0;NSlf;bin+01+0;prolong;55.3
1;5782.0;NSlf;bin+01+1;pass;-125.7
1;5796.0;EWlf;bin+01+0;pass;12.3
1;5810.0;NSst;bin+01+0;prolong;92.5
1;5820.0;NSst;bin+01+1;pass;-61.9
1;5834.0;EWst;bin+01+0;prolong;64.1
1;5844.0;EWst;bin+01+1;prolong;-61.2
1;5854.0;EWst;bin+01+2;pass;-89.0
1;5868.0;NSlf;bin+01+0;pass;-24.5
1;5882.0;EWlf;bin+01+0;pass;-29.9
1;5896.0;NSst;bin+01+0;pass;96.6
1;5910.0;EWst;bin+01+0;prolong;17.7
1;5920.0;EWst;bin+01+1;prolong;-68.0
1;5930.0;EWst;bin+01+2;pass;-82.0
1;5944.0;NSlf;bin+01+0;pass;-8.7
1;5958.0;EWlf;bin+01+0;prolong;-25.4
1;5968.0;EWlf;bin+01+1;prolong;-60.0
1;5978.0;EWlf;bin+01+2;pass;-88.4
1;5992.0;NSst;bin+01+0;prolong;60.4
1;6002.0;NSst;bin+01+1;pass;-72.0
1;6016.0;EWst;bin+01+0;prolong;69.6
1;6026.0;EWst;bin+00+1;pass;-71.0
1;6040.0;NSlf;bin+01+0;prolong;-11.0
1;6050.0;NSlf;bin+01+1;prolong;-69.6
1;6060.0;NSlf;bin+01+2;prolong;-101.9
1;6070.0;NSlf;bin+01+3;pass;-165.0
1;6084.0;EWlf;bin+01+0;pass;3.6
1;6098.0;NSst;bin+01+0;pass;102.2
1;6112.0;EWst;bin+01+0;pass;177.4
1;6126.0;NSlf;bin+01+0;prolong;-56.0
1;6136.0;NSlf;bin+01+1;prolong;-81.9
1;6146.0;NSlf;bin+01+2;pass;-72.4
1;6160.0;EWlf;bin+01+0;pass;-43.0
1;6174.0;NSst;bin+01+0;pass;-69.7
1;6188.0;EWst;bin+01+0;pass;171.6
1;6202.0;NSlf;bin+01+0;prolong;-30.1
1;6212.0;NSlf;bin+01+1;prolong;-61.1
1;6222.0;NSlf;bin+01+2;pass;-72.0
1;6236.0;EWlf;bin+01+0;prolong;-46.8
1;6246.0;EWlf;bin+01+1;prolong;-107.0
1;6256.0;EWlf;bin+01+2;prolong;-108.0
1;6266.0;EWlf;bin+01+3;pass;-117.0
1;6280.0;NSst;bin+01+0;prolong;-31.0
1;6290.0;NSst;bin+01+1;prolong;-112.6
1;6300.0;NSst;bin+01+2;prolong;-102.3
1;6310.0;NSst;bin+01+3;pass;-170.0
1;6324.0;EWst;bin+01+0;prolong;219.9
1;6334.0;EWst;bin+01+1;prolong;33.5
1;6344.0;EWst;bin+01+2;prolong;-117.0
1;6354.0;EWst;bin+01+3;pass;-126.0
1;6368.0;NSlf;bin+01+0;pass;86.7
1;6382.0;EWlf;bin+01+0;pass;-5.2
1;6396.0;NSst;bin+01+0;prolong;82.3
1;6406.0;NSst;bin+01+1;prolong;-19.6
1;6416.0;NSst;bin+01+2;prolong;-55.9
1;6426.0;NSst;bin+01+3;pass;-117.6
1;6440.0;EWst;bin+01+0;pass;53.0
1;6454.0;NSlf;bin+01+0;pass;-34.7
1;6468.0;EWlf;bin+01+0;pass;42.5
1;6482.0;NSst;bin+01+0;prolong;54.7
1;6492.0;NSst;bin+01+1;prolong;-38.5
1;6502.0;NSst;bin+01+2;pass;-95.0
1;6516.0;EWst;bin+01+0;prolong;46.5
1;6526.0;EWst;bin+01+1;prolong;-78.1
1;6536.0;EWst;bin+01+2;pass;-87.3
1;6550.0;NSlf;bin+01+0;prolong;66.7
1;6560.0;NSlf;bin+01+1;prolong;-63.0
1;6570.0;NSlf;bin+01+2;pass;-63.0
1;6584.0;EWlf;bin+01+0;pass;-37.6
1;6598.0;NSst;bin+01+0;prolong;91.7
1;6608.0;NSst;bin+01+1;prolong;-52.0
1;6618.0;NSst;bin+01+2;prolong;-71.8
1;6628.0;NSst;bin+01+3;prolong;-70.5
1;6642.0;EWst;bin+01+0;pass;52.1
1;6656.0;NSlf;bin+01+0;pass;16.6
1;6670.0;EWlf;bin+01+0;prolong;15.5
1;6680.0;EWlf;bin+01+1;prolong;-58.0
1;6690.0;EWlf;bin+01+2;prolong;-63.0
1;6700.0;EWlf;bin+01+3;pass;-79.0
1;6714.0;NSst;bin+01+0;pass;132.8
1;6728.0;EWst;bin+01+0;pass;-9.3
1;6742.0;NSlf;bin+01+0;pass;-48.0
1;6756.0;EWlf;bin+01+0;prolong;-36.8
1;6766.0;EWlf;bin+01+1;pass;-51.4
1;6780.0;NSst;bin+00+0;pass;74.8
1;6794.0;EWst;bin+00+0;pass;21.1
1;6808.0;NSlf;bin+01+0;prolong;20.3
1;6818.0;NSlf;bin+01+1;prolong;-74.0
1;6828.0;NSlf;bin+01+2;prolong;-105.0
1;6838.0;NSlf;bin+01+3;pass;-108.0
1;6852.0;EWlf;bin+01+0;pass;-107.0
1;6866.0;NSst;bin+01+0;pass;72.3
1;6880.0;EWst;bin+01+0;prolong;163.3
1;6890.0;EWst;bin+01+1;prolong;89.6
1;6900.0;EWst;bin+01+2;prolong;-27.0
1;6910.0;EWst;bin+01+3;prolong;-26.9
1;6924.0;NSlf;bin+01+0;pass;-0.6
1;6938.0;EWlf;bin+01+0;pass;37.2
1;6952.0;NSst;bin+00+0;prolong;-40.3
1;6962.0;NSst;bin+01+1;prolong;11.0
1;6972.0;NSst;bin+01+2;pass;-27.0
1;6986.0;EWst;bin+01+0;prolong;4.7
1;6996.0;EWst;bin+01+1;prolong;-8.0
1;7006.0;EWst;bin+01+2;prolong;-27.2
1;7016.0;EWst;bin+01+3;prolong;-32.0
1;7030.0;NSlf;bin+01+0;pass;10.4
1;7044.0;EWlf;bin+01+0;pass;-35.0
1;7058.0;NSst;bin+01+0;pass;24.1
1;7072.0;EWst;bin+01+0;prolong;61.3
1;7082.0;EWst;bin+01+1;prolong;-20.4
1;7092.0;EWst;bin+01+2;prolong;-18.0
1;7102.0;EWst;bin+01+3;prolong;-59.5
1;7116.0;NSlf;bin+01+0;pass;-8.5
1;7130.0;EWlf;bin+01+0;pass;-36.0
1;7144.0;NSst;bin+01+0;pass;-5.4
1;7158.0;EWst;bin+01+0;prolong;39.7
1;7168.0;EWst;bin+01+1;prolong;-20.0
1;7178.0;EWst;bin+01+2;prolong;-35.0
1;7188.0;EWst;bin+01+3;prolong;-45.2
